wert	gesamt	mit_source	anteil_mit_source_pct
Brief	2782161	2774154	99.71
Briefe	726868	0	0.00
Dokument	264299	264299	100.00
Handschrift	233730	21929	9.38
Briefsammlung	200143	379	0.19
Werk	175719	175719	100.00
Verschiedenes	146757	0	0.00
Autograf	142325	8554	6.01
Korrespondenz	125869	125869	100.00
Prosa	96269	28526	29.63
Postkarte	77315	77199	99.85
Nachlass	57974	54864	94.64
Zeitschriftenaufsatz	48486	48486	100.00
Fotografie	45584	38487	84.43
Lyrik	41032	41032	100.00
Gedichte	35916	0	0.00
Zeitungsartikel	34084	34054	99.91
Briefwechsel	26542	2	0.01
Dokumente	23710	0	0.00
Stammbucheintragung	22747	0	0.00
Abschrift	17828	17828	100.00
Notiz	17606	17026	96.71
Eintragung	14548	14548	100.00
Entwurf	13079	13079	100.00
Bericht	12689	12537	98.80
Rede	12679	10432	82.28
Sammlung	12452	9069	72.83
Vorlesung	11771	9480	80.54
Autogramm	10217	10217	100.00
Musikhandschrift	9991	0	0.00
Teilnachlass	9356	0	0.00
Bearbeitung	9257	9257	100.00
Kunst	9144	9144	100.00
Herausgeber	9106	9106	100.00
Rezension	9067	9066	99.99
Dedikation	8798	8798	100.00
Komposition <Musik>	8688	8688	100.00
Provenienzmaterial	8267	0	0.00
Zeichnung	8191	8169	99.73
Abhandlung	8011	0	0.00
Vertrag	7588	7588	100.00
Archivbestand	7354	7354	100.00
Mitschrift	7299	7299	100.00
Illustration	7252	7252	100.00
Telegramm	6680	6680	100.00
Feldpost	6491	6491	100.00
Visitenkarte	6441	6441	100.00
Rechnung	6396	6396	100.00
Ansichtspostkarte	6391	6391	100.00
Quittung	6331	6331	100.00
Albumblatt	6118	3577	58.47
Rundschreiben	5929	5929	100.00
Gutachten	5913	3086	52.19
Drucksache	5862	5862	100.00
Dramatisches	5698	0	0.00
Varia	5695	0	0.00
Akte	5388	5388	100.00
Dokumentation	5297	5297	100.00
Mitteilung	5051	5051	100.00
Tagebuch	5038	4216	83.68
Prospekt	5001	5001	100.00
Bild	4940	0	0.00
Liste	4910	4866	99.10
Drama	4829	4829	100.00
Erzählung	4826	4826	100.00
Bildnis	4691	4573	97.48
Rezensionen	4591	0	0.00
Autobiografisches	4554	0	0.00
Glückwunsch	4537	4537	100.00
Briefumschlag	4444	4444	100.00
Urkunde	4406	4406	100.00
Gästebuch	4086	4086	100.00
Plan	4003	3863	96.50
Standortkonvolut	3875	0	0.00
Übersetzung	3864	3864	100.00
Reden und Vorträge	3842	0	0.00
Fragebogen	3836	3836	100.00
Partitur	3834	3834	100.00
Übersetzungen	3719	0	0.00
Protokoll	3580	3466	96.82
Kryptobestand	3478	0	0.00
Rundfunksendung	3409	3409	100.00
Sonderdruck	3300	3300	100.00
Vortrag	3238	3238	100.00
Telefax	3226	3226	100.00
Anzeige	3166	3166	100.00
Bescheinigung	3140	3140	100.00
Archiv	3099	2268	73.18
Biografie	3015	3010	99.83
Einzelautographen	2988	0	0.00
Einzelautograph	2970	0	0.00
Verträge	2765	0	0.00
Vorlesungsmanuskript	2587	0	0.00
Skizze	2563	2563	100.00
Verzeichnis	2506	2503	99.88
Stammbuchblatt	2488	2488	100.00
Veröffentlichung	2438	2438	100.00
Zeugnis	2371	2371	100.00
Autobiografie	2296	2292	99.83
Grafik	2104	2064	98.10
Materialsammlung	2088	0	0.00
Kompositionen	2062	0	0.00
Geschäftsbrief	1848	1848	100.00
E-Mail	1836	1836	100.00
Zettelkasten	1799	1799	100.00
Abrechnung	1755	1755	100.00
Essay	1743	1743	100.00
Interview	1617	1596	98.70
Hörspiel	1612	1612	100.00
Notizbuch	1597	1597	100.00
Karte	1557	1548	99.42
Lebenslauf	1537	1537	100.00
Bibliografie	1514	1513	99.93
Vorlesungsankündigung	1513	0	0.00
Stammbuch	1505	1434	95.28
Kondolenz	1498	1498	100.00
Widmungen	1480	0	0.00
Nachruf	1448	1363	94.13
Publikation Zeitungsartikel	1414	0	0.00
Reisebericht	1407	1233	87.63
Liederhandschrift	1348	1348	100.00
Bestand	1333	0	0.00
Abschriften	1326	0	0.00
Druckfahne	1322	1322	100.00
Soufflierbuch	1321	1321	100.00
Vorlass	1246	1163	93.34
Werkmanuskript	1210	0	0.00
Drehbuch	1192	1158	97.15
Roman	1168	1168	100.00
Vollmacht	1157	1157	100.00
Beruf	1143	1143	100.00
Bibliothek	1099	1099	100.00
Dedikationsexemplar	1066	1066	100.00
Regiebuch	1055	1055	100.00
Formular	1050	1050	100.00
Kollegheft	1032	1032	100.00
Vertonungen	996	0	0.00
Kalender	994	994	100.00
Vorlesungen	984	0	0.00
Lebensdokument	964	0	0.00
Verlagsnotizen	952	0	0.00
Erklärung	910	910	100.00
Predigt	891	584	65.54
Katalog	891	665	74.64
Herausgegebenes	858	0	0.00
Kontoauszug	845	845	100.00
Druck	825	0	0.00
Aktennotiz	815	0	0.00
Statistik	808	808	100.00
Verlagsvertrag	789	789	100.00
Anmerkung	787	787	100.00
Speisekarte	740	740	100.00
Unterrichtsvorbereitung	721	721	100.00
Schallplatte	705	93	13.19
Vor- u. Nachworte	690	0	0.00
Referat <Vortrag>	676	676	100.00
Notathefte	674	0	0.00
Typoskript	663	663	100.00
Vorlesungsmanuskrip	662	0	0.00
Publikation Druck	633	0	0.00
Fotoalbum	625	625	100.00
Publikation Zeitschriftenartikel	622	0	0.00
Sachakten	600	600	100.00
Kollektaneen	599	599	100.00
Ausweis	597	597	100.00
Festschrift	579	565	97.58
Genealogische Tafel	569	566	99.47
Novelle	555	555	100.00
Handexemplar	553	553	100.00
Tabelle	546	482	88.28
Sammelwerk	520	520	100.00
Kommentar	499	499	100.00
Einladung	498	498	100.00
Bearbeitungen	484	0	0.00
Geschichtsschreibung	475	0	0.00
Gemälde	472	463	98.09
Aquarell	464	464	100.00
Schriftstück	459	459	100.00
Film	457	217	47.48
Aphorismus	455	455	100.00
Fahrausweis	455	455	100.00
Inhaltsverzeichnis	439	439	100.00
Auswahl	429	368	85.78
Zeichnungen	414	0	0.00
Druckvorlage	389	389	100.00
Vorwort	383	383	100.00
Textbuch	381	0	0.00
	372	0	0.00
Politik	369	369	100.00
Plakat	366	285	77.87
Tonband	361	361	100.00
Interviews	354	0	0.00
Album	347	347	100.00
Werke	343	0	0.00
Druckwerk	340	340	100.00
Steuerbescheid	335	335	100.00
Lied	330	0	0.00
Dichtung <Begriff>	329	329	100.00
Chronik	328	328	100.00
Mitschriften	327	0	0.00
Gruß	327	327	100.00
Pass	323	323	100.00
Fernsehsendung	321	321	100.00
Testament	317	317	100.00
Widmungsgedicht	315	315	100.00
Schulheft	311	311	100.00
Seminare und Kolloquien	306	0	0.00
Ehrung	302	302	100.00
Singspiel	300	300	100.00
Kochbuch	299	299	100.00
Teilarchiv	290	0	0.00
Autorenlesung	290	290	100.00
Kryptonachlass	287	0	0.00
Unechter Nachlass	287	0	0.00
Manuskript	284	284	100.00
Leserbrief	279	279	100.00
Notizen	266	0	0.00
Honorar	266	266	100.00
Gedicht	265	265	100.00
Typoskript Vortrag	262	0	0.00
Feature	256	256	100.00
Stimme >Musikalische Ausgabeform>	255	255	100.00
Medaille	241	241	100.00
Vertonung	241	241	100.00
Kopialbuch	236	236	100.00
Studienbescheinigung	225	0	0.00
Ding	225	225	100.00
Depositum	215	0	0.00
Offener Brief	215	215	100.00
Werkverzeichnis	210	209	99.52
Pauschalaufnahme	202	0	0.00
Nachwort	199	199	100.00
Paratext	193	193	100.00
Eintrittskarte	193	193	100.00
Versepen	191	0	0.00
Provenienzbestand	191	0	0.00
Bleistiftzeichnung	190	190	100.00
Menü	188	188	100.00
Patentschrift	186	186	100.00
Liedaufzeichnung	186	0	0.00
Foto	183	0	0.00
Epos	183	183	100.00
Hörspiele	181	0	0.00
Skizzenbuch	171	171	100.00
Teilsammlung	169	0	0.00
Publikation Sonderdruck	169	0	0.00
Adressbuch	167	167	100.00
Exposé	163	163	100.00
Grußkarte	161	161	100.00
Liturgische Handschrift	154	0	0.00
Prozessakte	153	153	100.00
Kriegsdokument	150	0	0.00
Diplom	147	147	100.00
Autograph	146	41	28.08
Audioaufzeichnung	146	146	100.00
Klavierauszug	142	142	100.00
Glosse <Journalismus>	125	125	100.00
Schulbuch	124	0	0.00
Vermögensaufstellung	124	124	100.00
Arbeitsbuch	119	119	100.00
Reportage	118	118	100.00
Ansichtskarte	118	118	100.00
Exzerpte	117	0	0.00
Kriegstagebuch	112	0	0.00
Haushaltsbuch	110	110	100.00
Märchen	109	64	58.72
Dialog	107	104	97.20
Lemma	106	106	100.00
Gelegenheitsschrift	101	101	100.00
Ausstellung	101	0	0.00
Bildkonvolut	101	0	0.00
Depositum in der A-Reihe	100	0	0.00
Exzerpt	100	100	100.00
Sammelstück(e)	100	0	0.00
Protokolle	97	0	0.00
Konzepte	96	0	0.00
Besitzervermerk	96	96	100.00
Industriefilm	90	0	0.00
Protokollbuch	90	90	100.00
Aufsätze zur Literatur	89	0	0.00
Bestand des Cotta-Archivs	88	0	0.00
Lyrikzyklus	88	88	100.00
Getränkekarte	87	87	100.00
Arbeitszeugnis	85	85	100.00
Randbemerkung	84	84	100.00
Negativ	84	84	100.00
Haarlocke	81	0	0.00
Studienbuch	79	0	0.00
Firmenschrift	78	78	100.00
Fragmente	73	0	0.00
Aufsätze	73	0	0.00
Adaption <Literatur>	72	72	100.00
Karikatur	71	71	100.00
Erlebnisbericht	70	0	0.00
Poesiealbum	70	70	100.00
Scherenschnitt	68	68	100.00
Beischrift	67	67	100.00
Radierung	66	66	100.00
Orden <Ehrenzeichen>	64	64	100.00
Heft	63	63	100.00
Psalm	62	0	0.00
Sage	60	60	100.00
Oper	60	0	0.00
Verlagsarchiv	58	0	0.00
Werkstattpapier	58	0	0.00
Volkslied	57	0	0.00
Rezepte	56	0	0.00
Szenarium	56	56	100.00
Exlibris	55	55	100.00
Hochschulschrift	53	0	0.00
Dia	53	53	100.00
Rundfunkmanuskript	51	51	100.00
Sinfonie	50	0	0.00
Agenda	50	0	0.00
Aphorismen	48	0	0.00
Video	48	48	100.00
Interpretation	47	47	100.00
Kirchenlied	45	0	0.00
Reifezeugnis	45	45	100.00
Erzählungen	44	0	0.00
CD-ROM	44	5	11.36
Gespräche	43	0	0.00
DVD-ROM	43	0	0.00
Aufzeichnung	43	43	100.00
Dissertation	41	41	100.00
Comic	40	40	100.00
Trio	39	0	0.00
Dienstlicher Nachlass	39	0	0.00
Essayistisches	38	0	0.00
Aufsätze und Vorträge	37	0	0.00
Publikation	37	30	81.08
Weihnachtslied	36	0	0.00
Vorlesungen und Seminare	35	0	0.00
Arie	34	0	0.00
Rekonstruierter Nachlass	34	0	0.00
Ouvertüre	33	0	0.00
Redaktionsarchiv	30	0	0.00
Quartett	30	0	0.00
Messe	30	0	0.00
Diktat	30	30	100.00
Newsletter	30	30	100.00
Typoskript Publikation	30	0	0.00
Seminare	29	0	0.00
Deposita d. Arbeitsstelle f. literarische Museen, Archive u. Gedenkstätten in Baden-Württemberg	29	0	0.00
Fotonegativ	29	0	0.00
Fernschreiben	29	29	100.00
Sonate	28	0	0.00
Motette	28	0	0.00
Miszellaneen	28	28	100.00
Graphik	28	0	0.00
Seminare und Übungen	27	0	0.00
Essays	27	0	0.00
Libretto	27	27	100.00
Theaterstück	26	0	0.00
Künstlerbuch	25	0	0.00
Zeitung	24	14	58.33
Duo	23	0	0.00
Predigthilfe	23	0	0.00
Zeitungsausschnitt	23	23	100.00
Gesamtausgabe	22	22	100.00
Mikrofilm	22	22	100.00
Choralvorspiel	21	0	0.00
Handlungsskizze	21	0	0.00
Autobiographische Aufsätze	20	0	0.00
Konzert	20	0	0.00
Akte, Archivalie	20	0	0.00
Komposition	20	20	100.00
Rundfunkskripte	19	0	0.00
Mischnachlass	19	0	0.00
Kantate	18	0	0.00
Duett	18	0	0.00
DVD-Video	18	0	0.00
Kritiken	16	0	0.00
Werkverzeichnisse	16	0	0.00
Aufführungsmaterial	16	0	0.00
CD	16	0	0.00
Todesanzeige	16	16	100.00
Typoskript Vorlesung	16	0	0.00
Depositum in der B-Reihe	15	0	0.00
Arbeiten zum Büchereiwesen	14	0	0.00
Variation	14	6	42.86
Hymnus	14	0	0.00
Offertorium	14	0	0.00
Konvolut	14	0	0.00
Ave Maria	13	0	0.00
Antiphon	13	0	0.00
Ausstellungskatalog	13	0	0.00
Literarischer Nachlass	13	13	100.00
Jüdische Aufsätze	12	0	0.00
Sammelrezensionen	12	0	0.00
Choralbearbeitung	12	0	0.00
Pange lingua	12	0	0.00
Dekret	12	12	100.00
Teilvorlass	11	0	0.00
Autographensammlung	11	0	0.00
Diskette	11	0	0.00
Miniatur	11	11	100.00
Rundfunkmanuskripte	10	0	0.00
Annalen	10	10	100.00
Unterschrift	10	10	100.00
Personaldokument	10	0	0.00
Vorträge	9	0	0.00
Verlagskorrespondenz	9	0	0.00
Reiseberichte	9	0	0.00
Stück	9	0	0.00
Kanon	9	0	0.00
Suite	9	0	0.00
Videoaufzeichnung	9	9	100.00
Artikel	9	0	0.00
Periodikum	9	0	0.00
USB-Stick	8	0	0.00
Partita	8	0	0.00
Kirchenlied (lateinisch)	8	0	0.00
Aufzeichnungen	8	0	0.00
Kartenmaterial	8	0	0.00
Sammelmappen	7	0	0.00
Materialien	7	0	0.00
Einleitungen	7	0	0.00
P	7	0	0.00
Passion	7	0	0.00
Fantasie	7	0	0.00
Ballett	7	0	0.00
Geistliches Lied	7	0	0.00
Choral	7	0	0.00
Oratorium	7	0	0.00
Tanz	7	0	0.00
[Gattung (verschiedene)]	7	0	0.00
Marsch	7	0	0.00
Regest	7	7	100.00
Verordnung	7	7	100.00
Ehrenzeichen	7	7	100.00
Radiovorträge	6	0	0.00
Handschriften	6	0	0.00
Quintett	6	0	0.00
Rezitativ	6	0	0.00
Zeitschrift	6	0	0.00
Hochzeitsgeschenk	6	6	100.00
Objekt	6	0	0.00
Programm	6	6	100.00
Kriegsbrief	6	0	0.00
Drehbücher	5	0	0.00
Aufsätze zu Zeitfragen	5	0	0.00
Theologisches	5	0	0.00
Schauspielmusik	5	0	0.00
Capriccio	5	0	0.00
Präludium	5	0	0.00
Agnus Dei	5	0	0.00
Graduale	5	0	0.00
Gloria	5	0	0.00
Vereinbarung	5	5	100.00
Datenträger	5	5	100.00
Danksagung	5	5	100.00
Ansprachen und Begrüßungen	4	0	0.00
Arbeiten für den Rundfunk	4	0	0.00
Kurze Prosa. Fiktional	4	0	0.00
Kollegnachschriften	4	0	0.00
Kopierbücher	4	0	0.00
Verzeichnisse	4	0	0.00
Notturno	4	0	0.00
Fuge	4	0	0.00
Intermezzo	4	0	0.00
Proprium missae	4	0	0.00
Introitus	4	0	0.00
Buchhandschrift	4	4	100.00
Ring	4	4	100.00
Arbeitstransparent	4	4	100.00
Publikation Zeitschrift	4	0	0.00
Einblattdruck. Flugschrift	4	0	0.00
Memoiren	4	4	100.00
Transkriptionen	3	0	0.00
Lektoratsgutachten	3	0	0.00
Seminarübungen	3	0	0.00
Lektoratsdokumente	3	0	0.00
Oden	3	0	0.00
Aphoristisches	3	0	0.00
Familienarchiv	3	0	0.00
Filmmusik	3	0	0.00
Laudes	3	0	0.00
Bagatelle	3	0	0.00
Tantum ergo	3	0	0.00
Alleluja	3	0	0.00
Pastorale	3	0	0.00
Volksmusik	3	0	0.00
Pressestimme	3	0	0.00
Editionsarchiv	2	0	0.00
Kurze Prosa. Nichtfiktional	2	0	0.00
Verlagskorrespondenzen	2	0	0.00
Briefnachlass	2	0	0.00
Instrumental	2	0	0.00
Vokal	2	0	0.00
Zeitschriftenartikel	2	0	0.00
Lehrbuch	2	0	0.00
Technische Zeichnung	2	0	0.00
Rondeau	2	0	0.00
Studie	2	0	0.00
Communio	2	0	0.00
Hörspielmusik	2	0	0.00
Tropus	2	0	0.00
Septett	2	0	0.00
Sonatine	2	0	0.00
Toccata	2	0	0.00
Kantilene	2	0	0.00
Gesang	2	0	0.00
Vesper	2	0	0.00
Kyrie	2	0	0.00
Litanei	2	0	0.00
Etüde	2	0	0.00
Kinderlied	2	0	0.00
Ode	2	0	0.00
Kavatine	2	0	0.00
Stadtplan	2	0	0.00
Symphonie concertante	2	0	0.00
Divertimento	2	0	0.00
Aufsatzsammlung	2	0	0.00
Papyrus	2	0	0.00
Handschrift |2 gnd-content	2	0	0.00
Parteibuch	2	0	0.00
Familiendokument	2	0	0.00
"Publikation
                  Zeitungsartikel"	2	0	0.00
"Publikation
                  Zeitschriftenartikel"	2	0	0.00
Landkarte	2	2	100.00
Slg und Teilnachlass	1	0	0.00
Redaktionskorrespondenzen	1	0	0.00
Redaktionsarchiv aus den Jahren 1922-2019	1	0	0.00
Sammlung (Kopien)	1	0	0.00
Sammlung Manuskripte des Verlags Johs. Storm	1	0	0.00
Sammlung zu den IVG-Kongressen in Amsterdam (1965), Princeton (1970), Basel (1980) und Göttingen (1985)	1	0	0.00
Teilnachlaß	1	0	0.00
Aufsätze zur Musik	1	0	0.00
Aufsätze zur Politik	1	0	0.00
Nachrufe	1	0	0.00
Theaterkritiken	1	0	0.00
Bibliographisches	1	0	0.00
Sammlung Briefe von 1938-1978 zu den elf Auflagen des Autorenlexikons, erschienen unter Titeln wie »Ausländische Dichter und Schriftsteller unser	1	0	0.00
Verlagsarchivteil	1	0	0.00
Sammlung von Autographen für die geplante Edition »Deutscher Geist in Handschriften deutscher Menschen«	1	0	0.00
Sammlung zum Friedenspreis des Deutschen Buchhandels aus den Jahren 1972-1988	1	0	0.00
Sammlungen	1	0	0.00
(mit Autographensammlung)	1	0	0.00
Korrespondenzen zur Kleist-Forschung und zu Kleist-Ausgaben	1	0	0.00
Sammlung Manuskripte und Briefe deutscher Schriftsteller im Exil	1	0	0.00
Sammlung (vorwiegend Kopien und Abschriften aus Archiv- und Bibliotheksbeständen und aus Privatbesitz; der Nachlaß ist im Zweiten Weltkrieg verbrannt)	1	0	0.00
(Peter Pongs-Stiftung)	1	0	0.00
Literarisches Archiv	1	0	0.00
a	1	0	0.00
eigene Sammlung des DLA	1	0	0.00
Features	1	0	0.00
Sammlung aus dem Umkreis des Deutschen Pazifistischen Studentenbundes und des Deutschen Friedenskartells	1	0	0.00
aus dem Nachlass	1	0	0.00
und Autographensammlung	1	0	0.00
Restnachlass	1	0	0.00
Kolleghefte	1	0	0.00
Teilnachlaß (Berliner Nachlaß)	1	0	0.00
und Teile des Nachlasses	1	0	0.00
Aphorismensammlung	1	0	0.00
Teilnachlass mit Sammlung	1	0	0.00
Depositum im Siegfried Unseld Archiv	1	0	0.00
Dichterische Schriften	1	0	0.00
Depositum in der C-Reihe	1	0	0.00
Notenhandschrift	1	0	0.00
Konferenzschrift	1	0	0.00
Actes de congrès	1	0	0.00
Atti di congressi	1	0	0.00
Bestand Siegfried Unseld Archiv	1	0	0.00
Elegie	1	0	0.00
Kantante	1	0	0.00
Quodlibet	1	0	0.00
Praeludium und Fuge	1	0	0.00
Präludium und Fuge	1	0	0.00
Romanze	1	0	0.00
Invention	1	0	0.00
Rhapsodie	1	0	0.00
Concertino	1	0	0.00
Sextett	1	0	0.00
Impromptu	1	0	0.00
Scherzo	1	0	0.00
Oktett	1	0	0.00
Vorspiel	1	0	0.00
Intrada	1	0	0.00
Pavane	1	0	0.00
Galliarde	1	0	0.00
Sequenz	1	0	0.00
Magnificat	1	0	0.00
Fughette	1	0	0.00
Mysterienspiel	1	0	0.00
Pater noster	1	0	0.00
Credo	1	0	0.00
Madrigal	1	0	0.00
Foxtrot	1	0	0.00
Song	1	0	0.00
Sanctus	1	0	0.00
Walzer	1	0	0.00
Prélude	1	0	0.00
Boogie-Woogie	1	0	0.00
Gregorianischer Choral	1	0	0.00
Soldatengesang	1	0	0.00
Miserere mei Deus	1	0	0.00
Foxtrott	1	0	0.00
Intermedium	1	0	0.00
Concerto grosso	1	0	0.00
Serenade	1	0	0.00
Introduktion	1	0	0.00
Rondo	1	0	0.00
Leichenpredigt	1	0	0.00
Bildband	1	0	0.00
History	1	0	0.00
Führer	1	0	0.00
Gegenstand	1	0	0.00
Erschliessung Normalniveau	1	0	0.00
Gebet	1	0	0.00
Handschrif	1	0	0.00
Beispielsammlung	1	0	0.00
Handschrift $2 gnd-content	1	0	0.00
Sonaten	1	0	0.00
Andante	1	0	0.00
Variationen	1	0	0.00
Versett	1	0	0.00
DVD-Audio	1	0	0.00
"Publikation
                  Sonderdruck"	1	0	0.00
Beitrag	1	0	0.00
Konvolute von Briefen	1	0	0.00
Echter Nachlass	1	0	0.00
